{
  "dataset_info": {
    "n_rows": 1500,
    "input_file": "ko-en-cm-gemini-2.5-flash-2509251640.jsonl",
    "evaluated_at": "2025-10-02 10:03:00",
    "mixed_k_distribution": {
      "1": 825,
      "2": 477,
      "3": 166,
      "4": 32
    },
    "mixed_k_percentages": {
      "1": "55.0%",
      "2": "31.8%",
      "3": "11.1%",
      "4": "2.1%"
    }
  },
  "results": [
    {
      "provider": "openai",
      "model": "text-embedding-3-large",
      "output_dim": 3072,
      "n_rows": 1500,
      "mean_org": 0.6108901500701904,
      "std_org": 0.2671308219432831,
      "mean_cm": 0.5804539918899536,
      "std_cm": 0.24512922763824463,
      "mean_gap": 0.03043619729578495,
      "p90_gap": 0.10335233062505722,
      "p95_gap": 0.14747753739356995,
      "p90_norm_gap": 0.05715227127075195,
      "p95_norm_gap": 0.08025806397199631,
      "spearman_org_vs_score": 0.9056153266539294,
      "spearman_cm_vs_score": 0.8819203246033243,
      "pearson_org_vs_score": 0.940489425465149,
      "pearson_cm_vs_score": 0.9170914153229998,
      "auc_uniform": 0.9773742722562677,
      "auc_weighted": 0.9792813834021918,
      "retention_by_k": {
        "1": 0.9835555081069373,
        "2": 0.9742910391260097,
        "3": 0.9723816262284319,
        "4": 0.9792689155636918
      },
      "delta_mae_p50": -0.007348358631134033,
      "delta_mae_p90": 0.012530732899904251,
      "delta_mae_p95": 0.021954646334052086,
      "avg_latency_ms_per_text": 25.47926739996506,
      "avg_latency_ms_per_1k_tokens": 748.6269117752015,
      "total_time_sec": 114.65670329984277,
      "total_tokens": 153156,
      "price_per_1m_usd": 0.13,
      "total_cost_usd": 0.01991028,
      "total_cost_usd_str": "0.0199"
    },
    {
      "provider": "google",
      "model": "gemini-embedding-001",
      "output_dim": 3072,
      "n_rows": 1500,
      "mean_org": 0.8065968155860901,
      "std_org": 0.1558956801891327,
      "mean_cm": 0.7863571047782898,
      "std_cm": 0.14369650185108185,
      "mean_gap": 0.020239630714058876,
      "p90_gap": 0.05095897987484932,
      "p95_gap": 0.06850267201662064,
      "p90_norm_gap": 0.02659505419433117,
      "p95_norm_gap": 0.0352100133895874,
      "spearman_org_vs_score": 0.9145104388967632,
      "spearman_cm_vs_score": 0.9024063594520016,
      "pearson_org_vs_score": 0.9521496572569997,
      "pearson_cm_vs_score": 0.9423555418804237,
      "auc_uniform": 0.9870252304930369,
      "auc_weighted": 0.9886220062869092,
      "retention_by_k": {
        "1": 0.9907514836015737,
        "2": 0.986295867911524,
        "3": 0.9852700911237238,
        "4": 0.9857834793353262
      },
      "delta_mae_p50": -0.007191464304924011,
      "delta_mae_p90": 0.0019523602677509189,
      "delta_mae_p95": 0.004593211226165295,
      "avg_latency_ms_per_text": 43.48177475557249,
      "avg_latency_ms_per_1k_tokens": 2161.5039812654786,
      "total_time_sec": 195.6679864000762,
      "total_tokens": 90524,
      "price_per_1m_usd": 0.15,
      "total_cost_usd": 0.013578599999999998,
      "total_cost_usd_str": "0.0136"
    },
    {
      "provider": "voyage",
      "model": "voyage-3-large",
      "output_dim": 1024,
      "n_rows": 1500,
      "mean_org": 0.6892658472061157,
      "std_org": 0.24294951558113098,
      "mean_cm": 0.6668487787246704,
      "std_cm": 0.2201329469680786,
      "mean_gap": 0.0224170982837677,
      "p90_gap": 0.07951802015304565,
      "p95_gap": 0.1139901652932167,
      "p90_norm_gap": 0.042391885071992874,
      "p95_norm_gap": 0.0601312480866909,
      "spearman_org_vs_score": 0.8929397912170579,
      "spearman_cm_vs_score": 0.8774145690094177,
      "pearson_org_vs_score": 0.9212025972209976,
      "pearson_cm_vs_score": 0.9016036518319501,
      "auc_uniform": 0.980672700643505,
      "auc_weighted": 0.9837386364929612,
      "retention_by_k": {
        "1": 0.9865296878792122,
        "2": 0.9804993687126841,
        "3": 0.980907369341144,
        "4": 0.9747543766409799
      },
      "delta_mae_p50": -0.007079720497131348,
      "delta_mae_p90": 0.014170446433126926,
      "delta_mae_p95": 0.02023226022720337,
      "avg_latency_ms_per_text": 16.66129926677483,
      "avg_latency_ms_per_1k_tokens": 688.7174402734329,
      "total_time_sec": 74.97584670048673,
      "total_tokens": 108863,
      "price_per_1m_usd": 0.18,
      "total_cost_usd": 0.01959534,
      "total_cost_usd_str": "0.0196"
    },
    {
      "provider": "upstage",
      "model": "solar-embedding-1-large-passage",
      "output_dim": 4096,
      "n_rows": 1500,
      "mean_org": 0.7014784216880798,
      "std_org": 0.20888471603393555,
      "mean_cm": 0.6552191376686096,
      "std_cm": 0.1957240104675293,
      "mean_gap": 0.046259284019470215,
      "p90_gap": 0.10041298717260361,
      "p95_gap": 0.12750189006328583,
      "p90_norm_gap": 0.0560467466711998,
      "p95_norm_gap": 0.06835753470659256,
      "spearman_org_vs_score": 0.9065154832546988,
      "spearman_cm_vs_score": 0.8839691495077721,
      "pearson_org_vs_score": 0.9276255201086,
      "pearson_cm_vs_score": 0.9076205695464988,
      "auc_uniform": 0.9666724732662064,
      "auc_weighted": 0.973158102561909,
      "retention_by_k": {
        "1": 0.9793014575903715,
        "2": 0.9668937454141657,
        "3": 0.9638007812411998,
        "4": 0.9566939088190887
      },
      "delta_mae_p50": -0.017077498137950897,
      "delta_mae_p90": -0.002456653630360961,
      "delta_mae_p95": 0.003152842167764902,
      "avg_latency_ms_per_text": 35.90028244443238,
      "avg_latency_ms_per_1k_tokens": 1630.513433588471,
      "total_time_sec": 161.5512709999457,
      "total_tokens": 99080,
      "price_per_1m_usd": 0.1,
      "total_cost_usd": 0.009908,
      "total_cost_usd_str": "0.0099"
    }
  ]
}
